time_s,vin_v,vcap_v,current_a,charge_c,capacitor_energy_j,resistor_power_w
0,5,0,0.005,0,0,0.025
0.001,5,3.160602794,0.001839397,0.000003160603,0.000004995,0.003383382
0.002,5,4.323323584,0.000676676,0.000004323324,0.000009345,0.000457893
0.003,5,4.751064658,0.000248935,0.000004751065,0.000011286,0.000061969
0.005,5,4.966310266,0.000033690,0.000004966310,0.000012332,0.000001135
0.008,5,4.998322687,0.000001677,0.000004998323,0.000012492,0.000000002813
