time_s,current_A,voltage_V,charge_C
0.001,0.001,1,0.000001
0.002,0.001,2,0.000002
0.003,0.001,3,0.000003
0.004,0.001,4,0.000004
0.005,0.001,5,0.000005
